-- phpMyAdmin SQL Dump
-- version 5.2.0
-- https://www.phpmyadmin.net/
--
-- Host: 127.0.0.1
-- Waktu pembuatan: 15 Jul 2022 pada 18.41
-- Versi server: 10.4.24-MariaDB
-- Versi PHP: 8.1.6

SET SQL_MODE = "NO_AUTO_VALUE_ON_ZERO";
START TRANSACTION;
SET time_zone = "+00:00";


/*!40101 SET @OLD_CHARACTER_SET_CLIENT=@@CHARACTER_SET_CLIENT */;
/*!40101 SET @OLD_CHARACTER_SET_RESULTS=@@CHARACTER_SET_RESULTS */;
/*!40101 SET @OLD_COLLATION_CONNECTION=@@COLLATION_CONNECTION */;
/*!40101 SET NAMES utf8mb4 */;

--
-- Database: `zona_lapor`
--

-- --------------------------------------------------------

--
-- Struktur dari tabel `kecamatan`
--

CREATE TABLE `kecamatan` (
  `id_kecamatan` int(11) NOT NULL,
  `kecamatan` varchar(100) NOT NULL
) ENGINE=InnoDB DEFAULT CHARSET=utf8mb4;

--
-- Dumping data untuk tabel `kecamatan`
--

INSERT INTO `kecamatan` (`id_kecamatan`, `kecamatan`) VALUES
(1, 'Ciputat'),
(2, 'Ciputat Timur'),
(3, 'Pamulang'),
(4, 'Pondok Aren'),
(5, 'Serpong'),
(6, 'Serpong Utara'),
(7, 'Setu');

-- --------------------------------------------------------

--
-- Struktur dari tabel `kelurahan`
--

CREATE TABLE `kelurahan` (
  `id_kelurahan` int(11) NOT NULL,
  `kelurahan` varchar(100) NOT NULL,
  `id_kecamatan` int(11) NOT NULL
) ENGINE=InnoDB DEFAULT CHARSET=utf8mb4;

--
-- Dumping data untuk tabel `kelurahan`
--

INSERT INTO `kelurahan` (`id_kelurahan`, `kelurahan`, `id_kecamatan`) VALUES
(1, 'Ciputat', 1),
(2, 'Cipayung', 1),
(3, 'Serua', 1),
(4, 'Sawah Lama', 1),
(5, 'Sawah Baru', 1),
(6, 'Serua Indah', 1),
(7, 'Jombang', 1),
(8, 'Rengas', 2),
(9, 'Rempoa', 2),
(10, 'Cireundeu', 2),
(11, 'Pondok Ranji', 2),
(12, 'Cempaka Putih', 2),
(13, 'Pisangan', 2),
(14, 'Pondok Benda', 3),
(15, 'Benda Baru', 3),
(16, 'Bambu Apus', 3),
(17, 'Kedaung', 3),
(18, 'Pamulang Barat', 3),
(19, 'Pamulang Timur', 3),
(20, 'Pondok Cabe Udik', 3),
(21, 'Pondok Cabe Ilir', 3),
(22, 'Jurang Mangu Barat', 4),
(23, 'Jurang Mangu Timur', 4),
(24, 'Pondok Kacang Timur', 4),
(25, 'Pondok Kacang Barat', 4),
(26, 'Perigi Lama', 4),
(27, 'Perigi Baru', 4),
(28, 'Pondok Aren', 4),
(29, 'Pondok Karya', 4),
(30, 'Pondok Jaya', 4),
(31, 'Pondok Betung', 4),
(32, 'Pondok Pucung', 4),
(33, 'Buaran', 5),
(34, 'Ciater', 5),
(35, 'Cilenggang', 5),
(36, 'Lengkong Gudang', 5),
(37, 'Lengkong Gudang Timur', 5),
(38, 'Lengkong Wetan', 5),
(39, 'Rawa Buntu', 5),
(40, 'Rawa Mekar Jaya', 5),
(41, 'Serpong', 5),
(42, 'Jelupang', 6),
(43, 'Lengkong Karya', 6),
(44, 'Pakualam', 6),
(45, 'Pakulonan', 6),
(46, 'Paku Jaya', 6),
(47, 'Pondok Jagung', 6),
(48, 'Pondok Jagung Timur', 6),
(49, 'Setu', 7),
(50, 'Keranggan', 7),
(51, 'Muncul', 7),
(52, 'Babakan', 7),
(53, 'Bakti Jaya', 7),
(54, 'Kademangan', 7);

-- --------------------------------------------------------

--
-- Struktur dari tabel `log`
--

CREATE TABLE `log` (
  `id_log` int(11) NOT NULL,
  `isi_log` text NOT NULL,
  `tgl_log` datetime NOT NULL,
  `id_user` int(11) NOT NULL
) ENGINE=InnoDB DEFAULT CHARSET=utf8mb4;

-- --------------------------------------------------------

--
-- Struktur dari tabel `masyarakat`
--

CREATE TABLE `masyarakat` (
  `id_masyarakat` int(11) NOT NULL,
  `nama` varchar(100) NOT NULL,
  `username` varchar(100) NOT NULL,
  `password` varchar(255) NOT NULL,
  `no_telepon` varchar(20) NOT NULL,
  `alamat` text NOT NULL
) ENGINE=InnoDB DEFAULT CHARSET=utf8mb4;

--
-- Dumping data untuk tabel `masyarakat`
--

INSERT INTO `masyarakat` (`id_masyarakat`, `nama`, `username`, `password`, `no_telepon`, `alamat`) VALUES
(1, 'Andre Farhan Saputra', 'andre123', '$2y$10$np0VReX.hpfpyfGZMB61keaDNoe14ZSzZ9mAP0Zql6mSQuCYfWOla', '087733932416', 'Jl. AMD Babakan Pocis No. 100 RT02/02'),
(2, 'Muhammad Irgi Al Ghithraf', 'irgi5', '$2y$10$51l3fVtvtoUTkuv8NajfjOaWxP7Y/T8Re2LMjmvciuQ0y2a5jgE3e', '085773094859', 'Perum Puri Serpong 1 Blok D5 No. 7 RT 08/02 Setu, Setu, Tangerang Selatan, Banten'),
(3, 'Ableza Melani Putri', 'ableza24', '$2y$10$xiVl2xqkEMAUvj3h2fnUeeuMnt.dxrHIO0m5jgEREujFQAYH1c1zG', '089677646147', 'JL. AMD Babakan Pocis No. 7 RT 02/01 Bakti Jaya Setu Kota Tangerang Selatan'),
(4, 'Annisa Ulazijah Faqih', 'annisa98', '$2y$10$K287REWLi5fn/pCmi90HTumNG2DiwAPjxsGWvx5oDTbhK3aolTBqC', '087808564812', 'Kp. Jaletreng No. 41 RT 03/03 Serpong, Serpong'),
(5, 'Azzaura', 'azzaura56', '$2y$10$5AZT/bsxiJQ/YcrCou.U2.Hun0o3s9aH6do73f01Tm8IZwH/udx/W', '085212984453', 'Perum Griya Cendekia No. 17 RT 05/06, Curug, Gunung Sindur');

-- --------------------------------------------------------

--
-- Struktur dari tabel `pengaduan`
--

CREATE TABLE `pengaduan` (
  `id_pengaduan` int(11) NOT NULL,
  `isi_laporan` text NOT NULL,
  `tgl_pengaduan` datetime NOT NULL,
  `foto` varchar(500) DEFAULT 'default.png',
  `status_pengaduan` enum('belum_ditanggapi','proses','valid','pengerjaan','selesai','tidak_valid') NOT NULL DEFAULT 'belum_ditanggapi',
  `id_masyarakat` int(11) NOT NULL,
  `id_kelurahan` int(11) NOT NULL
) ENGINE=InnoDB DEFAULT CHARSET=utf8mb4;

--
-- Dumping data untuk tabel `pengaduan`
--

INSERT INTO `pengaduan` (`id_pengaduan`, `isi_laporan`, `tgl_pengaduan`, `foto`, `status_pengaduan`, `id_masyarakat`, `id_kelurahan`) VALUES
(1, 'Telepon Umum rusak di daerah Bakti Jaya', '2021-07-04 11:57:52', '1604499518_image.png', 'selesai', 1, 53),
(2, 'Jembatan antar desa rusak, di daerah Rawa buntu', '2021-07-04 13:06:00', 'jembatan_rusak.jpg', 'selesai', 2, 39),
(3, 'Jalan di daerah pocis, bakti jaya, rusak parah. \r\nTerimakasih.', '2021-07-06 10:01:05', 'jalan-rusak.jpg', 'selesai', 3, 53),
(4, 'Tanah longsor, daerah Serpong dekat Pesantren Hidayatullah Yayasan Al- Firdaus', '2021-07-07 08:22:12', 'IMG-20190808-WA0074.jpg', 'valid', 4, 41);

-- --------------------------------------------------------

--
-- Struktur dari tabel `saran`
--

CREATE TABLE `saran` (
  `id_saran` int(11) NOT NULL,
  `nama` varchar(100) NOT NULL,
  `no_telepon` varchar(20) NOT NULL,
  `alamat` text NOT NULL,
  `saran` text NOT NULL,
  `tgl_saran` datetime NOT NULL
) ENGINE=InnoDB DEFAULT CHARSET=utf8mb4;

-- --------------------------------------------------------

--
-- Struktur dari tabel `tanggapan`
--

CREATE TABLE `tanggapan` (
  `id_tanggapan` int(11) NOT NULL,
  `isi_tanggapan` text NOT NULL,
  `tgl_tanggapan` datetime NOT NULL,
  `status_tanggapan` enum('proses','valid','pengerjaan','selesai','tidak_valid') NOT NULL,
  `foto_tanggapan` varchar(500) NOT NULL DEFAULT 'default.png',
  `id_pengaduan` int(11) NOT NULL,
  `id_user` int(11) NOT NULL
) ENGINE=MyISAM DEFAULT CHARSET=utf8mb4;

--
-- Dumping data untuk tabel `tanggapan`
--

INSERT INTO `tanggapan` (`id_tanggapan`, `isi_tanggapan`, `tgl_tanggapan`, `status_tanggapan`, `foto_tanggapan`, `id_pengaduan`, `id_user`) VALUES
(1, 'Baik laporan Anda kami proses', '2021-07-05 08:58:34', 'proses', 'default.png', 1, 1),
(2, 'Laporan Anda valid, segera kami perbaiki', '2021-07-05 14:17:35', 'valid', '16044995182.png', 1, 1),
(3, 'Dalam pengerjaan', '2021-07-05 15:05:58', 'pengerjaan', 'default.png', 1, 1),
(4, 'Sudah selesai kami perbaiki.', '2021-07-06 08:01:14', 'selesai', 'telepon-umum-koin.jpg', 1, 1),
(5, 'Baik kami segera mengecek ke TKP.', '2021-07-05 08:12:00', 'proses', 'default.png', 2, 2),
(6, 'Laporan Anda valid, segera kami perbaiki.', '2021-07-05 11:16:22', 'valid', 'default.png', 2, 2),
(7, 'dalam pengerjaan', '2021-07-06 09:03:00', 'pengerjaan', 'default.png', 2, 2),
(8, 'Jembatan sudah selesai diperbaiki.', '2021-07-08 10:18:06', 'selesai', '015117800_1608202742-20201217_153411.jpg', 2, 2),
(9, 'Baik segera kami proses.', '2021-07-06 12:01:49', 'proses', 'default.png', 3, 2),
(10, 'Laporan Anda valid.', '2021-07-07 08:03:14', 'valid', '8-Tips-Saat-Menemui-Jalan-Yang-Rusak.jpg', 3, 2),
(11, 'Jalan sedang dalam pengerjaan untuk diperbaiki.', '2021-07-07 12:04:08', 'pengerjaan', 'perbaikan-jalan-bergelomban.jpg', 3, 2),
(12, 'Jalanan selesai diperbaiki.', '2021-07-07 16:23:06', 'selesai', 'proyek-pengaspalan-jalan-ciater-tangsel-jadi-sorotan-begini-proses-tendernya-cmh.jpg', 3, 2),
(13, 'Baik, laporan Anda segera kami proses.', '2021-07-07 15:50:00', 'proses', 'default.png', 4, 1),
(14, 'Laporan Anda valid, segera kami tangani.', '2021-07-08 09:10:13', 'valid', '5dfb1d22217f0.jpg', 4, 1);

-- --------------------------------------------------------

--
-- Struktur dari tabel `user`
--

CREATE TABLE `user` (
  `id_user` int(11) NOT NULL,
  `nama` varchar(100) NOT NULL,
  `username` varchar(100) NOT NULL,
  `password` varchar(255) NOT NULL,
  `no_telepon` varchar(20) NOT NULL,
  `jabatan` enum('administrator','operator') NOT NULL
) ENGINE=InnoDB DEFAULT CHARSET=utf8mb4;

--
-- Dumping data untuk tabel `user`
--

INSERT INTO `user` (`id_user`, `nama`, `username`, `password`, `no_telepon`, `jabatan`) VALUES
(1, 'Administrator', 'admin', '$2y$10$L201Eud0B8zkRfT9wOctFeK1LSJWFxwDV8He41JDk4ggRLUb9aIC6', '08123456789', 'administrator'),
(2, 'Andri Firman Saputra', 'andri123', '$2y$10$NbEgBbEr.Di9DwIo/OoXZOefgH7v/zQNxdLPleaJWZTQ7kKQbOCEa', '087808675313', 'operator');

--
-- Indexes for dumped tables
--

--
-- Indeks untuk tabel `kecamatan`
--
ALTER TABLE `kecamatan`
  ADD PRIMARY KEY (`id_kecamatan`);

--
-- Indeks untuk tabel `kelurahan`
--
ALTER TABLE `kelurahan`
  ADD PRIMARY KEY (`id_kelurahan`),
  ADD KEY `id_kecamatan` (`id_kecamatan`);

--
-- Indeks untuk tabel `log`
--
ALTER TABLE `log`
  ADD PRIMARY KEY (`id_log`),
  ADD KEY `id_user` (`id_user`);

--
-- Indeks untuk tabel `masyarakat`
--
ALTER TABLE `masyarakat`
  ADD PRIMARY KEY (`id_masyarakat`);

--
-- Indeks untuk tabel `pengaduan`
--
ALTER TABLE `pengaduan`
  ADD PRIMARY KEY (`id_pengaduan`),
  ADD KEY `id_masyarakat` (`id_masyarakat`),
  ADD KEY `id_kelurahan` (`id_kelurahan`);

--
-- Indeks untuk tabel `saran`
--
ALTER TABLE `saran`
  ADD PRIMARY KEY (`id_saran`);

--
-- Indeks untuk tabel `tanggapan`
--
ALTER TABLE `tanggapan`
  ADD PRIMARY KEY (`id_tanggapan`),
  ADD KEY `id_user` (`id_user`),
  ADD KEY `id_pengaduan` (`id_pengaduan`);

--
-- Indeks untuk tabel `user`
--
ALTER TABLE `user`
  ADD PRIMARY KEY (`id_user`);

--
-- AUTO_INCREMENT untuk tabel yang dibuang
--

--
-- AUTO_INCREMENT untuk tabel `kecamatan`
--
ALTER TABLE `kecamatan`
  MODIFY `id_kecamatan` int(11) NOT NULL AUTO_INCREMENT, AUTO_INCREMENT=10;

--
-- AUTO_INCREMENT untuk tabel `kelurahan`
--
ALTER TABLE `kelurahan`
  MODIFY `id_kelurahan` int(11) NOT NULL AUTO_INCREMENT, AUTO_INCREMENT=60;

--
-- AUTO_INCREMENT untuk tabel `log`
--
ALTER TABLE `log`
  MODIFY `id_log` int(11) NOT NULL AUTO_INCREMENT, AUTO_INCREMENT=16;

--
-- AUTO_INCREMENT untuk tabel `masyarakat`
--
ALTER TABLE `masyarakat`
  MODIFY `id_masyarakat` int(11) NOT NULL AUTO_INCREMENT, AUTO_INCREMENT=6;

--
-- AUTO_INCREMENT untuk tabel `pengaduan`
--
ALTER TABLE `pengaduan`
  MODIFY `id_pengaduan` int(11) NOT NULL AUTO_INCREMENT, AUTO_INCREMENT=5;

--
-- AUTO_INCREMENT untuk tabel `saran`
--
ALTER TABLE `saran`
  MODIFY `id_saran` int(11) NOT NULL AUTO_INCREMENT, AUTO_INCREMENT=2;

--
-- AUTO_INCREMENT untuk tabel `tanggapan`
--
ALTER TABLE `tanggapan`
  MODIFY `id_tanggapan` int(11) NOT NULL AUTO_INCREMENT, AUTO_INCREMENT=15;

--
-- AUTO_INCREMENT untuk tabel `user`
--
ALTER TABLE `user`
  MODIFY `id_user` int(11) NOT NULL AUTO_INCREMENT, AUTO_INCREMENT=3;
COMMIT;

/*!40101 SET CHARACTER_SET_CLIENT=@OLD_CHARACTER_SET_CLIENT */;
/*!40101 SET CHARACTER_SET_RESULTS=@OLD_CHARACTER_SET_RESULTS */;
/*!40101 SET COLLATION_CONNECTION=@OLD_COLLATION_CONNECTION */;
